repositorio,branch,estrelas,linguagem,contribuidores,idade_dias,releases,runs_validas,lead_time_release_horas,lead_time_commit_horas,cfr_ci,recuperacao_horas,episodios_censurados,comparacoes_ignoradas,proporcao_censura
0xc000022070/zen-browser-flake,main,1011,Nix,53,726,326,275,23.079166666666666,19.075,0.05454545454545454,2.245277777777778,0,0,0.0
aakarim/OpenLore,main,1017,Go,5,105,10,289,201.0825,67.86222222222223,0.04498269896193772,2.943611111111111,1,1,0.2
acamposuribe/p5.brush,main,1002,JavaScript,7,1074,7,65,34.75611111111111,2706.1975,0.06153846153846154,,0,0,
adafruit/Adafruit_CircuitPython_Bundle,main,1006,Shell,46,3632,122,150,0.0008333333333333334,0.0011111111111111111,0.006666666666666667,36.87138888888889,0,0,0.0
Aethersailor/SubConverter-Extended,master,1008,C++,4,299,67,51,32.47513888888889,26.940555555555555,0.0196078431372549,,0,1,
ail-project/ail-framework,master,1027,Python,71,2362,6,142,1930.4986111111111,671.6575,0.4084507042253521,140.64111111111112,0,0,0.0
alexheretic/ab-av1,main,1014,Rust,15,1715,11,51,166.41305555555556,99.03597222222223,0.0,,0,0,
alumnium-hq/alumnium,main,1015,TypeScript,31,710,10,248,942.8381944444445,723.9502777777777,0.782258064516129,70.67444444444445,0,0,0.0
asreview/asreview,main,1028,Python,55,2829,10,355,1.1269444444444445,195.8761111111111,0.14084507042253522,142.4725,0,0,0.0
AthenZ/athenz,master,1010,Java,115,3613,22,358,363.3655555555556,115.94291666666666,0.055865921787709494,2.4115277777777777,0,0,0.0
auth0/auth0-spa-js,main,1016,TypeScript,103,2745,38,1333,125.11472222222223,76.91666666666666,0.03825956489122281,24.809444444444445,0,0,0.0
BottlecapDave/HomeAssistant-OctopusEnergy,develop,1022,Python,48,1865,21,145,176.49777777777777,143.89583333333334,0.20689655172413793,14.438055555555557,0,0,0.0
bryanroscoe/shield_optimizer,main,1030,Rust,5,262,12,128,23.310555555555556,245.90819444444446,0.2734375,99.52555555555556,0,1,0.0
bytechefhq/bytechef,master,1016,Java,63,1834,9,1577,1897.2202777777777,1435.4602777777777,0.20798985415345592,3.819027777777778,0,0,0.0
bytecodealliance/jco,main,1005,TypeScript,86,1399,194,2188,3.087222222222222,46.03,0.0726691042047532,1.9866666666666668,0,0,0.0
CelestoAI/celesto,main,1018,Python,17,235,63,1477,27.6475,30.840833333333332,0.02911306702775897,0.9872222222222222,0,1,0.0
chamilo/chamilo-lms,master,1008,PHP,183,4941,10,11303,2048.3018055555553,18146.137916666667,0.8479164823498186,46.323611111111106,3,0,0.02608695652173913
chenxiaolong/RSAF,master,1007,Kotlin,6,1288,44,148,7.415416666666667,0.6197222222222223,0.0,,0,0,
ChenyCHENYU/Robot_Admin,main,1022,TypeScript,2,555,26,139,64.36611111111111,15.223749999999999,0.07194244604316546,7.260138888888889,1,0,0.3333333333333333
cisagov/thorium,main,1023,Rust,7,540,10,50,1347.4122222222222,1873.4775,0.48,262.3986111111111,1,0,0.125
cloudamqp/lavinmq,main,1028,Crystal,34,3445,31,1552,312.08666666666664,691.2775,0.19265463917525774,12.822777777777778,1,0,0.009259259259259259
colinin/abp-next-admin,dev,1026,C#,22,2337,6,189,1564.096111111111,691.1716666666666,0.042328042328042326,56.85861111111112,0,0,0.0
Comfy-Org/comfy-cli,main,1005,Python,43,907,29,2151,128.02527777777777,95.54861111111111,0.04370060437006044,3.471111111111111,0,0,0.0
daangn/stackflow,main,1027,TypeScript,46,2215,53,230,13.805416666666666,45.86611111111111,0.06521739130434782,0.9794444444444445,0,0,0.0
DataDog/pup,main,1028,Rust,116,247,164,467,27.83361111111111,6.273055555555556,0.09850107066381156,3.5380555555555553,0,1,0.0
e18e/module-replacements,main,1002,TypeScript,74,978,8,398,505.68125,999.3361111111111,0.007537688442211055,1.7555555555555558,0,0,0.0
editor-code-assistant/eca,master,1027,Clojure,42,479,271,2612,4.894166666666667,2.0277777777777777,0.08499234303215926,3.955277777777778,0,0,0.0
educlopez/smoothui,main,1002,TypeScript,6,827,11,182,450.4013888888889,679.744861111111,0.10989010989010989,0.6588888888888889,0,1,0.0
element-hq/element-call,main,1011,TypeScript,101,1910,20,267,798.0045833333334,455.2627777777777,0.0,,0,0,
elesiuta/picosnitch,master,1007,C,8,2276,9,65,21.43861111111111,73.12263888888889,0.16923076923076924,0.2544444444444444,0,0,0.0
emsesp/EMS-ESP32,dev,1029,C++,84,2034,7,240,22.439722222222223,1906.9516666666666,0.004166666666666667,44.17055555555555,0,0,0.0
error311/FileRise,master,1019,JavaScript,7,594,149,475,0.13472222222222222,0.08972222222222222,0.042105263157894736,0.38902777777777775,0,0,0.0
eslint-functional/eslint-plugin-functional,main,1002,TypeScript,25,2656,5,103,2063.108333333333,1088.3352777777777,0.3883495145631068,11.891111111111112,0,0,0.0
faisalkindi/DLSS5oneclick,main,1021,Rust,3,38,107,189,0.02305555555555556,0.18166666666666667,0.026455026455026454,0.05583333333333333,0,1,0.0
FalkorDB/GraphRAG-SDK,main,1009,Python,11,987,8,116,276.8436111111111,97.61555555555556,0.09482758620689655,1043.1677777777777,0,1,0.0
fedify-dev/fedify,main,1029,TypeScript,70,950,122,685,2111.6930555555555,2283.8581944444445,0.24817518248175183,12.535,2,0,0.04081632653061224
FPGAwars/apio,main,1014,Python,62,3894,24,1465,84.21333333333334,4582.825833333333,0.07030716723549488,4.826666666666667,0,0,0.0
frida/frida-gum,main,1027,C,123,4929,18,125,20.05666666666667,102.11166666666666,0.816,21.752222222222223,0,1,0.0
gap-system/gap,master,1014,GAP,85,4244,6,1642,36361.83708333334,57224.82444444444,0.06211936662606577,26.849722222222223,0,0,0.0
ghostery/adblocker,master,1011,TypeScript,42,3221,26,248,48.94027777777778,118.41666666666667,0.03225806451612903,12.38875,0,0,0.0
gophercloud/gophercloud,main,1014,Go,384,4074,8,531,3795.858888888889,430.54083333333335,0.009416195856873822,57.09916666666666,0,0,0.0
harlan-zw/mdream,main,1001,TypeScript,13,540,51,906,13.375833333333333,2.4138888888888888,0.1434878587196468,1.0795833333333333,0,0,0.0
igorlfs/nvim-dap-view,main,1010,Lua,20,705,6,330,206.83638888888888,677.755,0.0030303030303030303,,0,1,
inngest/inngest-js,main,1012,TypeScript,58,1624,77,304,24.113611111111112,165.9973611111111,0.06907894736842106,20.834722222222222,0,0,0.0
joaomlourenco/novathesis,main,1007,TeX,45,4481,6,241,1627.96,1521.412361111111,0.07053941908713693,2.9644444444444447,0,0,0.0
justrach/turboAPI,main,1008,Zig,4,572,48,530,1.6231944444444444,4.773055555555556,0.35660377358490564,3.7175000000000002,1,0,0.05263157894736842
kaito-project/kaito,main,1020,Go,63,1125,12,3037,779.3399999999999,818.4441666666667,0.029963780046098124,16.166666666666668,0,0,0.0
kittors/CliRelay,main,1030,Go,118,223,52,154,50.91916666666667,47.48222222222222,0.025974025974025976,,0,1,
Logflare/logflare,main,1006,Elixir,42,2828,141,2099,10.586805555555555,25.66375,0.05145307289185326,1.4244444444444444,3,0,0.034482758620689655
longbridge/longbridge-terminal,main,1017,Rust,18,1172,60,325,33.778888888888886,5.120555555555556,0.043076923076923075,1.2931944444444445,0,0,0.0
LostArtefacts/TRX,develop,1004,C,31,2068,32,4997,89.88777777777777,386.16027777777776,0.010206123674204523,1.8894444444444445,0,0,0.0
lyusupov/SoftRF,master,1029,C,4,3948,5,170,1353.0797222222222,1110.8505555555555,0.23529411764705882,1.3630555555555555,0,0,0.0
MadAppGang/claudish,main,1005,TypeScript,9,314,286,100,1.8533333333333333,1.9922222222222221,0.14,11.2575,0,1,0.0
maglnet/ComposerRequireChecker,4.25.x,1012,PHP,59,3970,8,378,719.9320833333334,1901.9805555555556,0.005291005291005291,61.65833333333333,0,0,0.0
mariadb-operator/mariadb-operator,main,1024,Go,88,1575,36,262,0.31,425.17,0.1297709923664122,2.4219444444444442,0,0,0.0
maxmind/libmaxminddb,main,1026,C,65,4951,6,651,203.44416666666666,1173.3161111111112,0.004608294930875576,0.10402777777777779,0,0,0.0
metacontroller/metacontroller,master,1010,Go,59,2333,21,290,69.71888888888888,21.171944444444446,0.13448275862068965,1.5818055555555555,1,0,0.09090909090909091
microsoft/qdk,main,1020,Rust,70,1351,11,1267,697.6047222222222,313.7947222222222,0.08366219415943173,18.99180555555556,0,0,0.0
model-bakers/model_bakery,main,1007,Python,73,2557,11,126,356.58694444444444,476.98027777777776,0.047619047619047616,0.5611111111111111,0,0,0.0
molstar/molstar,master,1027,TypeScript,71,3186,14,263,563.8283333333334,406.2591666666667,0.03802281368821293,2.1708333333333334,0,0,0.0
MoonshotAI/checkpoint-engine,main,1006,Python,19,395,13,97,146.59,32.968333333333334,0.0,,0,0,
n00bcodr/Jellyfin-Enhanced,main,1891,JavaScript,63,468,63,1359,74.23972222222223,44.1525,0.024282560706401765,20.286944444444444,0,0,0.0
nextcloud/news,master,1008,PHP,218,3780,14,1773,342.19888888888886,401.53583333333336,0.011280315848843767,9.073888888888888,0,0,0.0
open-feature/flagd,main,1003,Go,83,1596,59,373,73.16333333333333,51.185138888888886,0.032171581769437,26.010555555555555,0,0,0.0
openhpc/ohpc,4.x,1007,C,93,4028,7,875,29068.612222222222,7857.406111111111,0.05028571428571429,6.336388888888889,0,0,0.0
optiland/optiland,master,1004,Python,48,3340,5,350,1297.3,921.0666666666667,0.10571428571428572,2.808333333333333,0,0,0.0
Pantheon-Security/medusa,main,1001,Python,2,327,34,288,23.240555555555556,14.911388888888888,0.5,0.9580555555555555,0,2,0.0
paulgessinger/swift-paperless,main,1019,Swift,14,1331,6,643,2183.2768055555553,1014.8705555555555,0.024883359253499222,4.797083333333333,0,0,0.0
paxx12-snapmaker-u1/SnapmakerU1-Extended-Firmware,develop,1032,Python,28,322,16,272,314.41833333333335,176.05777777777777,0.003676470588235294,0.745,0,1,0.0
penso/herdr-gpui,main,1014,Rust,30,18,27,300,5.694444444444445,2.1661111111111113,0.06333333333333334,1.1005555555555555,0,1,0.0
pionxzh/wakaru,main,1008,Rust,14,1349,13,576,399.9172222222222,170.67361111111111,0.059027777777777776,2.7216666666666667,0,0,0.0
qiz029/dscode,main,1023,JavaScript,2,27,37,108,0.33138888888888884,0.5441666666666667,0.3611111111111111,0.20944444444444443,2,1,0.15384615384615385
razzmatazz/csharp-language-server,main,1002,F#,25,2447,9,181,1321.7419444444445,239.4454166666667,0.19889502762430938,2.2444444444444445,0,0,0.0
robotframework/RIDE,master,1014,Python,86,5490,6,51,1022.74,1410.053611111111,0.0196078431372549,2369.7819444444444,0,0,0.0
ROCm/TheRock,main,1366,Python,260,951,7,9654,1676.089861111111,971.9066666666666,0.28972446654236583,9.722083333333334,3,1,0.0064794816414686825
rokath/trice,main,1001,Go,25,2431,9,1296,660.8261111111111,417.08152777777775,0.10416666666666667,13.467777777777778,0,0,0.0
roots/acorn,main,1007,PHP,54,2983,7,107,90.79722222222222,165.56972222222223,0.07476635514018691,1.51375,0,0,0.0
rpcpool/yellowstone-grpc,master,1009,Rust,35,1450,79,180,262.6120833333333,116.13499999999999,0.2388888888888889,35.41888888888889,0,0,0.0
sabuhish/fastapi-mail,master,1014,Python,58,2448,19,129,54.32416666666667,1.2122222222222223,0.08527131782945736,0.48458333333333337,0,0,0.0
scaleway/scaleway-cli,main,1012,Go,68,4220,22,535,337.41833333333335,216.79055555555556,0.003738317757009346,10.380694444444444,0,0,0.0
slkiser/opencode-quota,main,1006,TypeScript,48,258,98,304,39.147222222222226,19.100277777777777,0.05592105263157895,1.0666666666666667,0,1,0.0
Softeria/ms-365-mcp-server,main,1028,TypeScript,70,554,241,339,0.022222222222222223,0.023055555555555555,0.07079646017699115,40.779444444444444,1,0,0.125
Solo5/solo5,main,1002,C,53,3955,6,299,1008.4777777777778,284.34527777777777,0.010033444816053512,,0,0,
stanislav-web/OpenDoor,master,1009,Python,14,3720,35,956,0.6452777777777777,2.6958333333333333,0.02405857740585774,1.2979166666666666,0,0,0.0
stripe/stripe-java,master,1006,Java,170,5539,19,122,172.57944444444445,29.130555555555556,0.040983606557377046,75.65055555555556,0,0,0.0
Stunkymonkey/nautilus-open-any-terminal,master,1019,Python,63,2693,5,114,3114.153888888889,1898.0013888888889,0.15789473684210525,166.2252777777778,0,0,0.0
SylphxAI/anymd,main,1029,Rust,16,552,59,1856,2.238611111111111,49.81666666666667,0.2984913793103448,1.0741666666666667,0,0,0.0
tempoxyz/tempo,main,1029,Rust,86,493,95,13063,137.35027777777776,139.54694444444445,0.06996861364158309,1.4980555555555555,1,1,0.002403846153846154
tensorlakeai/tensorlake,main,1019,Python,28,692,115,852,1.61375,1.3048611111111112,0.09976525821596244,10.263333333333334,1,1,0.013888888888888888
tenstorrent/tt-metal,main,1697,Python,689,1333,24,46827,590.755,529.4077777777778,0.17067076686527002,1.5787499999999999,3,0,0.001841620626151013
vimcolorschemes/vimcolorschemes,main,1011,TypeScript,27,2343,8,401,87.94180555555555,507.43861111111113,0.07231920199501247,0.3523611111111111,0,0,0.0
voquill/voquill,main,1013,TypeScript,26,380,157,1520,22.776805555555555,23.791527777777777,0.15723684210526315,1.3208333333333333,0,1,0.0
waywallen/waywallen,main,1025,Rust,20,184,29,243,112.71597222222223,36.355555555555554,0.1440329218106996,9.049861111111111,0,1,0.0
wk42worldworld/cybercode,main,1031,TypeScript,2,162,43,68,0.3065277777777778,0.4855555555555556,0.2647058823529412,1175.7931944444445,0,1,0.0
xuzhougeng/wisp-science,main,1022,Rust,18,99,60,1885,24.58888888888889,18.421805555555558,0.07692307692307693,1.4894444444444443,0,1,0.0
yamada-ui/yamada-ui,main,1027,TypeScript,230,1463,60,1086,293.96472222222224,998.9181944444445,0.0027624309392265192,4.514166666666667,1,0,0.5
YumeYucca/YumeBox,Moe,1002,C#,7,431,15,356,284.32722222222225,178.1447222222222,0.06741573033707865,0.7436111111111111,1,2,0.06666666666666667
yurijmikhalevich/rclip,main,1015,Python,9,1952,23,155,5.811388888888889,10.524722222222222,0.04516129032258064,0.5711111111111111,0,0,0.0
Zibbp/ganymede,main,1016,Go,24,1569,26,1033,304.2897222222222,201.8997222222222,0.03484995159728945,53.31166666666667,1,0,0.04
ZL-Audio/ZLEqualizer,main,1026,C++,4,1033,11,271,419.63069444444443,172.46444444444444,0.0,,0,1,
